{
	"products": {
		"framed":[
            		{"sizeId": 103, "price": 99.99, "description": "Framed 16\"x20\"", "metric": "Framed 41cm x 51cm", "imageName": "sizes_framed_16x20", "minHeight":2000, "minWidth":1600, "availableInternational":1},
			{"sizeId": 101, "price": 49.00, "description": "Framed 8\"x10\"", "metric": "Framed 20cm x 25cm", "imageName": "sizes_framed_8x10", "minHeight":1000, "minWidth":800, "availableInternational":1},
			{"sizeId": 102, "price": 69.99, "description": "Framed 11\"x14\"", "metric": "Framed 28cm x 36cm", "imageName": "sizes_framed_11x14", "minHeight":1400, "minWidth":1100, "availableInternational":1},
			{"sizeId": 104, "price": 130.00, "description": "Framed 24\"x30\"", "metric": "Framed 61cm x 76cm", "imageName": "sizes_framed_24x30", "minHeight":3000, "minWidth":2400, "availableInternational":0},
			{"sizeId": 105, "price": 39.00, "description": "Framed 6\"x6\"", "metric": "Framed 15cm x 15cm", "imageName": "sizes_framed_6x6", "minHeight":600, "minWidth":600, "availableInternational":1},
			{"sizeId": 106, "price": 68.00, "description": "Framed 12\"x12\"", "metric": "Framed 30cm x 30cm", "imageName": "sizes_framed_12x12", "minHeight":1200, "minWidth":1200, "availableInternational":1},
			{"sizeId": 107, "price": 115.00, "description": "Framed 20\"x20\"", "metric": "Framed 51cm x 51cm", "imageName": "sizes_framed_20x20", "minHeight":2000, "minWidth":2000, "availableInternational":0},
			{"sizeId": 108, "price": 59.99, "description": "Framed 20\"x6\"", "metric": "Framed 51cm x 15cm", "imageName": "sizes_framed_6x20", "minHeight":600, "minWidth":2000, "availableInternational":0},
			{"sizeId": 109, "price": 80.00, "description": "Framed 30\"x8\"", "metric": "Framed 76cm x 20cm", "imageName": "sizes_framed_8x30", "minHeight":800, "minWidth":3000, "availableInternational":0},
			{"sizeId": 110, "price": 115.00, "description": "Framed 40\"x10\"", "metric": "Framed 102cm x 25cm", "imageName": "sizes_framed_10x40", "minHeight":1000, "minWidth":4000, "availableInternational":0}
		],
		"canvas":[
            		{"sizeId": 203, "price": 55.00, "description": "Canvas 16\"x20\"", "metric": "Canvas 41cm x 51cm", "imageName": "sizes_canvas_16x20", "minHeight":2000, "minWidth":1600, "availableInternational":1},
			{"sizeId": 201, "price": 33.00, "description": "Canvas 8\"x10\"", "metric": "Canvas 20cm x 25cm", "imageName": "sizes_canvas_8x10", "minHeight":1000, "minWidth":800, "availableInternational":1},
			{"sizeId": 202, "price": 42.00, "description": "Canvas 11\"x14\"", "metric": "Canvas 28cm x 36cm", "imageName": "sizes_canvas_11x14", "minHeight":1400, "minWidth":1100, "availableInternational":1},
			{"sizeId": 204, "price": 99.00, "description": "Canvas 24\"x30\"", "metric": "Canvas 61cm x 76cm", "imageName": "sizes_canvas_24x30", "minHeight":3000, "minWidth":2400, "availableInternational":0},
			{"sizeId": 205, "price": 20.00, "description": "Canvas 6\"x6\"", "metric": "Canvas 15cm x 15cm", "imageName": "sizes_canvas_6x6", "minHeight":600, "minWidth":600, "availableInternational":1},
			{"sizeId": 206, "price": 38.00, "description": "Canvas 12\"x12\"", "metric": "Canvas 30cm x 30cm", "imageName": "sizes_canvas_12x12", "minHeight":1200, "minWidth":1200, "availableInternational":1},
            		{"sizeId": 209, "price": 65.00, "description": "Canvas 20\"x20\"", "metric": "Canvas 51cm x 51cm", "imageName": "sizes_canvas_20x20", "minHeight":2000, "minWidth":2000, "availableInternational":0},
            		{"sizeId": 210, "price": 45.00, "description": "Canvas 20\"x6\"", "metric": "Canvas 51cm x 15cm", "imageName": "sizes_canvas_6x20", "minHeight":600, "minWidth":2000, "availableInternational":0},
            		{"sizeId": 211, "price": 55.00, "description": "Canvas 30\"x8\"", "metric": "Canvas 76cm x 20cm", "imageName": "sizes_canvas_8x30", "minHeight":800, "minWidth":3000, "availableInternational":0},
            		{"sizeId": 212, "price": 72.00, "description": "Canvas 40\"x10\"", "metric": "Canvas 102cm x 25cm", "imageName": "sizes_canvas_10x40", "minHeight":1000, "minWidth":4000, "availableInternational":0},
			{"sizeId": 207, "price": 99.00, "description": "Canvas 3-Panel 12\"x12\"", "metric": "Canvas 3-Panel 30cm x 30cm", "imageName": "sizes_canvas_3_panel", "minHeight":1200, "minWidth":3600, "availableInternational":0},
			{"sizeId": 208, "price": 120.00, "description": "Canvas 4-Panel 12\"x12\"", "metric": "Canvas 4-Panel 30cm x 30cm", "imageName": "sizes_canvas_4_panel", "minHeight":2400, "minWidth":2400, "availableInternational":0}

		],
		"metal":[
            		{"sizeId": 303, "price": 90.00, "description": "Metal 16\"x20\"", "metric": "Metal 41cm x 51cm", "imageName": "sizes_metal_16x20", "minHeight":2000, "minWidth":1600, "availableInternational":1},
			{"sizeId": 301, "price": 33.00, "description": "Metal 8\"x10\"", "metric": "Metal 20cm x 25cm", "imageName": "sizes_metal_8x10", "minHeight":1000, "minWidth":800, "availableInternational":1},
			{"sizeId": 302, "price": 45.00, "description": "Metal 11\"x14\"", "metric": "Metal 28cm x 36cm", "imageName": "sizes_metal_11x14", "minHeight":1400, "minWidth":1100, "availableInternational":1},
			{"sizeId": 304, "price": 125.00, "description": "Metal 24\"x30\"", "metric": "Metal 61cm x 76cm", "imageName": "sizes_metal_24x30", "minHeight":3000, "minWidth":2400, "availableInternational":0},
			{"sizeId": 305, "price": 25.00, "description": "Metal 6\"x6\"", "metric": "Metal 15cm x 15cm", "imageName": "sizes_metal_6x6", "minHeight":600, "minWidth":600, "availableInternational":1},
			{"sizeId": 306, "price": 38.00, "description": "Metal 12\"x12\"", "metric": "Metal 30cm x 30cm", "imageName": "sizes_metal_12x12", "minHeight":1200, "minWidth":1200, "availableInternational":1},
            		{"sizeId": 309, "price": 99.00, "description": "Metal 20\"x20\"", "metric": "Metal 51cm x 51cm", "imageName": "sizes_metal_20x20", "minHeight":2000, "minWidth":2000, "availableInternational":0},
            		{"sizeId": 310, "price": 59.00, "description": "Metal 20\"x6\"", "metric": "Metal 51cm x 15cm", "imageName": "sizes_metal_6x20", "minHeight":600, "minWidth":2000, "availableInternational":0},
            		{"sizeId": 311, "price": 79.00, "description": "Metal 30\"x8\"", "metric": "Metal 76cm x 20cm", "imageName": "sizes_metal_8x30", "minHeight":800, "minWidth":3000, "availableInternational":0},
            		{"sizeId": 312, "price": 129.00, "description": "Metal 40\"x10\"", "metric": "Metal 102cm x 25cm", "imageName": "sizes_metal_10x40", "minHeight":1000, "minWidth":4000, "availableInternational":0},
			{"sizeId": 307, "price": 99.00, "description": "Metal 3-Panel 12\"x12\"", "metric": "Metal 3-Panel 30cm x 30cm", "imageName": "sizes_metal_3_panel", "minHeight":1200, "minWidth":3600, "availableInternational":0},
			{"sizeId": 308, "price": 120.00, "description": "Metal 4-Panel 12\"x12\"", "metric": "Metal 4-Panel 30cm x 30cm", "imageName": "sizes_metal_4_panel", "minHeight":2400, "minWidth":2400, "availableInternational":0}
			
		],
		"wood":[
            		{"sizeId": 403, "price": 90.00, "description": "Wood 16\"x20\"", "metric": "Wood 41cm x 51cm", "imageName": "sizes_wood_16x20", "minHeight":2000, "minWidth":1600, "availableInternational":1},
			{"sizeId": 401, "price": 33.00, "description": "Wood 8\"x10\"", "metric": "Wood 20cm x 25cm", "imageName": "sizes_wood_8x10", "minHeight":1000, "minWidth":800, "availableInternational":1},
			{"sizeId": 402, "price": 45.00, "description": "Wood 11\"x14\"", "metric": "Wood 28cm x 36cm", "imageName": "sizes_wood_11x14", "minHeight":1400, "minWidth":1100, "availableInternational":1},
			{"sizeId": 404, "price": 125.00, "description": "Wood 24\"x30\"", "metric": "Wood 61cm x 76cm", "imageName": "sizes_wood_24x30", "minHeight":3000, "minWidth":2400, "availableInternational":0},
			{"sizeId": 405, "price": 25.00, "description": "Wood 6\"x6\"", "metric": "Wood 15cm x 15cm", "imageName": "sizes_wood_6x6", "minHeight":600, "minWidth":600, "availableInternational":1},
			{"sizeId": 406, "price": 38.00, "description": "Wood 12\"x12\"", "metric": "Wood 30cm x 30cm", "imageName": "sizes_wood_12x12", "minHeight":1200, "minWidth":1200, "availableInternational":1},
			{"sizeId": 409, "price": 99.00, "description": "Wood 20\"x20\"", "metric": "Wood 51cm x 51cm", "imageName": "sizes_wood_20x20", "minHeight":2000, "minWidth":2000, "availableInternational":0},
            		{"sizeId": 410, "price": 59.00, "description": "Wood 20\"x6\"", "metric": "Wood 51cm x 15cm", "imageName": "sizes_wood_6x20", "minHeight":600, "minWidth":2000, "availableInternational":0},
            		{"sizeId": 411, "price": 79.00, "description": "Wood 30\"x8\"", "metric": "Wood 76cm x 20cm", "imageName": "sizes_wood_8x30", "minHeight":800, "minWidth":3000, "availableInternational":0},
            		{"sizeId": 412, "price": 129.00, "description": "Wood 40\"x10\"", "metric": "Wood 102cm x 25cm", "imageName": "sizes_wood_10x40", "minHeight":1000, "minWidth":4000, "availableInternational":0},
			{"sizeId": 407, "price": 99.00, "description": "Wood 3-Panel 12\"x12\"", "metric": "Wood 3-Panel 30cm x 30cm", "imageName": "sizes_wood_3_panel", "minHeight":1200, "minWidth":3600, "availableInternational":0},
			{"sizeId": 408, "price": 120.00, "description": "Wood 4-Panel 12\"x12\"", "metric": "Wood 4-Panel 30cm x 30cm", "imageName": "sizes_wood_4_panel", "minHeight":2400, "minWidth":2400, "availableInternational":0}

		],
		"other":[
			{"sizeId": 501, "price": 35.00, "description": "iPhone 5 Case", "metric": "iPhone 5 Case", "imageName": "sizes_iphone_case", "minHeight":550, "minWidth":350, "availableInternational":1},
			{"sizeId": 502, "price": 45.00, "description": "iPad Case (hard cover)", "metric": "iPad Case (hard cover)", "imageName": "sizes_ipad_case", "minHeight":875, "minWidth":675, "availableInternational":1},
			{"sizeId": 503, "price": 59.00, "description": "iPad Case (soft cover)", "metric": "iPad Case (soft cover)", "imageName": "sizes_ipad_softcover_case", "minHeight":1050, "minWidth":750, "availableInternational":1},
			{"sizeId": 504, "price": 5.99, "description": "Flexible Magnet", "metric": "Flexible Magnet", "imageName": "sizes_magnet", "minHeight":400, "minWidth":500, "availableInternational":1},
			{"sizeId": 505, "price": 17.99, "description": "White Ceramic 15oz Mug", "metric": "White Ceramic 444ml Mug", "imageName": "sizes_mug", "minHeight":375, "minWidth":850, "availableInternational":1},
			{"sizeId": 506, "price": 9.99, "description": "Clear Plastic Key Chain", "metric": "Clear Plastic Key Chain", "imageName": "sizes_keychain", "minHeight":350, "minWidth":500, "availableInternational":1},
			{"sizeId": 507, "price": 13.99, "description": "Dog Tags", "metric": "Dog Tags", "imageName": "sizes_dogtags", "minHeight":213, "minWidth":131, "availableInternational":1},
			{"sizeId": 508, "price": 19.99, "description": "Small T-Shirt", "metric": "Small T-Shirt", "imageName": "sizes_tshirt_small", "minHeight":1400, "minWidth":1400, "availableInternational":1},
			{"sizeId": 509, "price": 19.99, "description": "Medium T-Shirt", "metric": "Medium T-Shirt", "imageName": "sizes_tshirt_medium", "minHeight":1400, "minWidth":1400, "availableInternational":1},
			{"sizeId": 510, "price": 19.99, "description": "Large T-Shirt", "metric": "Large T-Shirt", "imageName": "sizes_tshirt_large", "minHeight":1400, "minWidth":1400, "availableInternational":1},
			{"sizeId": 511, "price": 19.99, "description": "Extra-Large T-Shirt", "metric": "Extra-Large T-Shirt", "imageName": "sizes_tshirt_xlarge", "minHeight":1400, "minWidth":1400, "availableInternational":1},
			{"sizeId": 512, "price": 27.95, "description": "Tote Bag", "metric": "Tote Bag", "imageName": "sizes_totebag", "minHeight":1400, "minWidth":1400, "availableInternational":1},
			{"sizeId": 513, "price": 21.99, "description": "7-Inch Laptop/Tablet Sleeve", "metric": "18cm Laptop/Tablet Sleeve", "imageName": "sizes_laptop_7", "minHeight":788, "minWidth":550, "availableInternational":1},
			{"sizeId": 514, "price": 25.99, "description": "10-Inch Laptop/Tablet Sleeve", "metric": "25cm Laptop/Tablet Sleeve", "imageName": "sizes_laptop_10", "minHeight":850, "minWidth":1113, "availableInternational":1},
			{"sizeId": 515, "price": 29.99, "description": "15-Inch Laptop/Tablet Sleeve", "metric": "38cm Laptop/Tablet Sleeve", "imageName": "sizes_laptop_15", "minHeight":1075, "minWidth":1425, "availableInternational":1}
		]
	}
}
